,EntryName,ProteinID,Uniprot,Family,Ligandtype,Class,GPCRdb,Residue,Interaction
1,cxcr4_human,CXCR4,P61073,Chemokine receptors,,Class A (Rhodopsin),7.39x38,288,[u'polar (charge-assisted hydrogen bond)']
2,cxcr4_human,CXCR4,P61073,Chemokine receptors,,Class A (Rhodopsin),7.32x31,281,[u'polar (hydrogen bond)']
3,cxcr4_human,CXCR4,P61073,Chemokine receptors,,Class A (Rhodopsin),1.24x24,30,[u'polar (charge-assisted hydrogen bond)']
4,cxcr4_human,CXCR4,P61073,Chemokine receptors,,Class A (Rhodopsin),6.58x58,262,[u'polar (charge-assisted hydrogen bond)']
5,cxcr4_human,CXCR4,P61073,Chemokine receptors,,Class A (Rhodopsin),3.32x32,116,[u'hydrophobic']
6,cxcr4_human,CXCR4,P61073,Chemokine receptors,,Class A (Rhodopsin),45.50x50,186,[u'polar (hydrogen bond with backbone)']
7,cxcr4_human,CXCR4,P61073,Chemokine receptors,,Class A (Rhodopsin),45.51x51,187,[u'polar (hydrogen bond)']
8,cxcr4_human,CXCR4,P61073,Chemokine receptors,,Class A (Rhodopsin),3.28x28,112,[u'hydrophobic']
9,cxcr4_human,CXCR4,P61073,Chemokine receptors,,Class A (Rhodopsin),23.50x50,102,[u'hydrophobic']
10,cxcr4_human,CXCR4,P61073,Chemokine receptors,,Class A (Rhodopsin),2.60x60,94,[u'hydrophobic']
11,cxcr4_human,CXCR4,P61073,Chemokine receptors,,Class A (Rhodopsin),2.63x63,97,"[u'polar (charge-assisted hydrogen bond)', u'polar (charge-charge)']"
12,par1_human,PAR1,P25116,Proteinase-activated receptors,,Class A (Rhodopsin),5.39x39,271,[u'hydrophobic']
13,par1_human,PAR1,P25116,Proteinase-activated receptors,,Class A (Rhodopsin),6.59x59,337,"[u'aromatic (edge-to-face)', u'polar (hydrogen bond)']"
14,par1_human,PAR1,P25116,Proteinase-activated receptors,,Class A (Rhodopsin),6.55x55,333,[u'hydrophobic']
15,par1_human,PAR1,P25116,Proteinase-activated receptors,,Class A (Rhodopsin),6.54x54,332,[u'hydrophobic']
16,par1_human,PAR1,P25116,Proteinase-activated receptors,,Class A (Rhodopsin),3.33x33,183,[u'aromatic (face-to-edge)']
17,par1_human,PAR1,P25116,Proteinase-activated receptors,,Class A (Rhodopsin),7.35x34,353,[u'hydrophobic']
18,par1_human,PAR1,P25116,Proteinase-activated receptors,,Class A (Rhodopsin),4.60x61,237,[u'hydrophobic']
19,par1_human,PAR1,P25116,Proteinase-activated receptors,,Class A (Rhodopsin),7.31x30,349,[u'polar (hydrogen bond with backbone)']
20,acm3_rat,ACM3,P20309,Acetylcholine receptors (muscarinic),,Class A (Rhodopsin),3.36x36,151,[u'polar (hydrogen bond)']
21,acm3_rat,ACM3,P20309,Acetylcholine receptors (muscarinic),,Class A (Rhodopsin),3.32x32,147,[u'polar (hydrogen bond with backbone)']
22,acm3_rat,ACM3,P20309,Acetylcholine receptors (muscarinic),,Class A (Rhodopsin),4.57x57,199,[u'hydrophobic']
23,acm3_rat,ACM3,P20309,Acetylcholine receptors (muscarinic),,Class A (Rhodopsin),3.33x33,148,"[u'aromatic (edge-to-face)', u'hydrophobic']"
24,acm3_rat,ACM3,P20309,Acetylcholine receptors (muscarinic),,Class A (Rhodopsin),6.48x48,503,[u'hydrophobic']
25,acm3_rat,ACM3,P20309,Acetylcholine receptors (muscarinic),,Class A (Rhodopsin),5.46x461,238,[u'hydrophobic']
26,acm3_rat,ACM3,P20309,Acetylcholine receptors (muscarinic),,Class A (Rhodopsin),7.42x41,532,[u'hydrophobic']
27,acm3_rat,ACM3,P20309,Acetylcholine receptors (muscarinic),,Class A (Rhodopsin),6.51x51,506,"[u'aromatic (edge-to-face)', u'hydrophobic']"
28,acm3_rat,ACM3,P20309,Acetylcholine receptors (muscarinic),,Class A (Rhodopsin),6.52x52,507,[u'polar (hydrogen bond)']
29,acm3_rat,ACM3,P20309,Acetylcholine receptors (muscarinic),,Class A (Rhodopsin),7.39x38,529,[u'hydrophobic']
30,ntr1_rat,NTR1,P30989,Neurotensin receptors,,Class A (Rhodopsin),3.29x29,146,[u'polar (charge-assisted hydrogen bond)']
31,ntr1_rat,NTR1,P30989,Neurotensin receptors,,Class A (Rhodopsin),6.61x61,334,[u'polar (hydrogen bond with backbone)']
32,ntr1_rat,NTR1,P30989,Neurotensin receptors,,Class A (Rhodopsin),6.58x58,331,[u'polar (hydrogen bond with backbone)']
33,ntr1_rat,NTR1,P30989,Neurotensin receptors,,Class A (Rhodopsin),7.28x27,344,[u'hydrophobic']
34,ntr1_rat,NTR1,P30989,Neurotensin receptors,,Class A (Rhodopsin),7.31x30,347,[u'polar (hydrogen bond)']
35,ntr1_rat,NTR1,P30989,Neurotensin receptors,,Class A (Rhodopsin),6.54x54,327,[u'polar (charge-charge)']
36,ntr1_rat,NTR1,P30989,Neurotensin receptors,,Class A (Rhodopsin),2.65x64,128,[u'hydrophobic']
37,ntr1_rat,NTR1,P30989,Neurotensin receptors,,Class A (Rhodopsin),45.51x51,226,[u'polar (hydrogen bond)']
38,grm5_human,GRM5,P41594,Metabotropic glutamate receptors,,Class C (Glutamate),6.50x50,785,"[u'aromatic (face-to-face)', u'hydrophobic']"
39,grm5_human,GRM5,P41594,Metabotropic glutamate receptors,,Class C (Glutamate),5.44x44,744,[u'hydrophobic']
40,grm5_human,GRM5,P41594,Metabotropic glutamate receptors,,Class C (Glutamate),2.46x46,625,[u'hydrophobic']
41,grm5_human,GRM5,P41594,Metabotropic glutamate receptors,,Class C (Glutamate),5.47x47,747,[u'polar (hydrogen bond)']
42,grm5_human,GRM5,P41594,Metabotropic glutamate receptors,,Class C (Glutamate),6.53x53,788,"[u'aromatic (face-to-edge)', u'hydrophobic']"
43,grm5_human,GRM5,P41594,Metabotropic glutamate receptors,,Class C (Glutamate),7.39x40,809,[u'polar (hydrogen bond)']
44,grm5_human,GRM5,P41594,Metabotropic glutamate receptors,,Class C (Glutamate),3.40x40,655,[u'hydrophobic']
45,grm5_human,GRM5,P41594,Metabotropic glutamate receptors,,Class C (Glutamate),3.36x36,651,[u'hydrophobic']
46,grm5_human,GRM5,P41594,Metabotropic glutamate receptors,,Class C (Glutamate),7.40x41,810,[u'hydrophobic']
47,grm5_human,GRM5,P41594,Metabotropic glutamate receptors,,Class C (Glutamate),7.36x37,806,[u'hydrophobic']
48,grm5_human,GRM5,P41594,Metabotropic glutamate receptors,,Class C (Glutamate),7.35x36,805,"[u'polar (hydrogen bond with backbone)', u'polar (hydrogen bond)']"
49,grm5_human,GRM5,P41594,Metabotropic glutamate receptors,,Class C (Glutamate),3.44x44,659,[u'hydrophobic']
50,oprd_mouse,OPRD,P41143,Opioid receptors,,Class A (Rhodopsin),3.36x36,132,[u'hydrophobic']
51,oprd_mouse,OPRD,P41143,Opioid receptors,,Class A (Rhodopsin),7.39x38,304,[u'hydrophobic']
52,oprd_mouse,OPRD,P41143,Opioid receptors,,Class A (Rhodopsin),6.55x55,281,[u'hydrophobic']
53,oprd_mouse,OPRD,P41143,Opioid receptors,,Class A (Rhodopsin),6.48x48,274,[u'hydrophobic']
54,oprd_mouse,OPRD,P41143,Opioid receptors,,Class A (Rhodopsin),6.51x51,277,[u'hydrophobic']
55,oprd_mouse,OPRD,P41143,Opioid receptors,,Class A (Rhodopsin),3.32x32,128,[u'polar (charge-charge)']
56,oprd_mouse,OPRD,P41143,Opioid receptors,,Class A (Rhodopsin),3.33x33,129,[u'polar (hydrogen bond)']
57,oprd_mouse,OPRD,P41143,Opioid receptors,,Class A (Rhodopsin),6.58x58,284,[u'aromatic (face-to-edge)']
58,ox2r_human,OX2R,O43614,Orexin receptors,,Class A (Rhodopsin),3.29x29,131,[u'hydrophobic']
59,ox2r_human,OX2R,O43614,Orexin receptors,,Class A (Rhodopsin),6.51x51,320,[u'hydrophobic']
60,ox2r_human,OX2R,O43614,Orexin receptors,,Class A (Rhodopsin),3.28x28,130,[u'hydrophobic']
61,ox2r_human,OX2R,O43614,Orexin receptors,,Class A (Rhodopsin),6.55x55,324,[u'polar (hydrogen bond)']
62,ox2r_human,OX2R,O43614,Orexin receptors,,Class A (Rhodopsin),7.39x38,350,[u'aromatic (face-to-face)']
63,ox2r_human,OX2R,O43614,Orexin receptors,,Class A (Rhodopsin),5.42x43,227,[u'aromatic (edge-to-face)']
64,smo_human,SMO,Q99835,Frizzled,,Class F (Frizzled),3.40x40,329,[u'hydrophobic']
65,smo_human,SMO,Q99835,Frizzled,,Class F (Frizzled),7.45x45,525,[u'hydrophobic']
66,smo_human,SMO,Q99835,Frizzled,,Class F (Frizzled),5.43x44,400,[u'polar (charge-assisted hydrogen bond)']
67,smo_human,SMO,Q99835,Frizzled,,Class F (Frizzled),6.51x51,470,"[u'aromatic (edge-to-face)', u'polar (hydrogen bond)']"
68,smo_human,SMO,Q99835,Frizzled,,Class F (Frizzled),6.44x44,463,[u'hydrophobic']
69,smo_human,SMO,Q99835,Frizzled,,Class F (Frizzled),7.38x38,518,[u'polar (charge-assisted hydrogen bond)']
70,smo_human,SMO,Q99835,Frizzled,,Class F (Frizzled),45.51x51,391,[u'hydrophobic']
71,smo_human,SMO,Q99835,Frizzled,,Class F (Frizzled),2.51x51,274,[u'hydrophobic']
72,smo_human,SMO,Q99835,Frizzled,,Class F (Frizzled),6.58x58,477,[u'polar (hydrogen bond)']
73,smo_human,SMO,Q99835,Frizzled,,Class F (Frizzled),7.42x42,522,[u'hydrophobic']
74,smo_human,SMO,Q99835,Frizzled,,Class F (Frizzled),3.36x36,325,[u'hydrophobic']
75,smo_human,SMO,Q99835,Frizzled,,Class F (Frizzled),2.58x58,281,[u'aromatic (edge-to-face)']
76,smo_human,SMO,Q99835,Frizzled,,Class F (Frizzled),5.51x51,408,[u'hydrophobic']
77,smo_human,SMO,Q99835,Frizzled,,Class F (Frizzled),6.54x54,473,"[u'polar (charge-assisted hydrogen bond)', u'polar (charge-charge)']"
78,smo_human,SMO,Q99835,Frizzled,,Class F (Frizzled),6.65x65,484,"[u'aromatic (face-to-face)', u'hydrophobic']"
79,smo_human,SMO,Q99835,Frizzled,,Class F (Frizzled),1.32x32,230,[u'hydrophobic']
80,smo_human,SMO,Q99835,Frizzled,,Class F (Frizzled),6.62x62,481,[u'polar (hydrogen bond with backbone)']
81,smo_human,SMO,Q99835,Frizzled,,Class F (Frizzled),6.61x61,480,[u'hydrophobic']
82,acm2_human,ACM2,P08172,Acetylcholine receptors (muscarinic),,Class A (Rhodopsin),4.57x57,155,[u'hydrophobic']
83,acm2_human,ACM2,P08172,Acetylcholine receptors (muscarinic),,Class A (Rhodopsin),2.64x63,83,[u'hydrophobic']
84,acm2_human,ACM2,P08172,Acetylcholine receptors (muscarinic),,Class A (Rhodopsin),5.46x461,194,[u'hydrophobic']
85,acm2_human,ACM2,P08172,Acetylcholine receptors (muscarinic),,Class A (Rhodopsin),5.43x44,191,[u'hydrophobic']
86,acm2_human,ACM2,P08172,Acetylcholine receptors (muscarinic),,Class A (Rhodopsin),6.52x52,404,[u'polar (hydrogen bond)']
87,acm2_human,ACM2,P08172,Acetylcholine receptors (muscarinic),,Class A (Rhodopsin),6.51x51,403,[u'hydrophobic']
88,acm2_human,ACM2,P08172,Acetylcholine receptors (muscarinic),,Class A (Rhodopsin),6.48x48,400,"[u'aromatic (edge-to-face)', u'hydrophobic']"
89,acm2_human,ACM2,P08172,Acetylcholine receptors (muscarinic),,Class A (Rhodopsin),45.51x51,177,[u'aromatic (face-to-face)']
90,acm2_human,ACM2,P08172,Acetylcholine receptors (muscarinic),,Class A (Rhodopsin),3.32x32,103,[u'polar (charge-charge)']
91,acm2_human,ACM2,P08172,Acetylcholine receptors (muscarinic),,Class A (Rhodopsin),2.61x60,80,[u'polar (hydrogen bond)']
92,acm2_human,ACM2,P08172,Acetylcholine receptors (muscarinic),,Class A (Rhodopsin),7.35x34,422,[u'aromatic (face-to-face)']
93,acm2_human,ACM2,P08172,Acetylcholine receptors (muscarinic),,Class A (Rhodopsin),3.33x33,104,"[u'aromatic (edge-to-face)', u'hydrophobic']"
94,acm2_human,ACM2,P08172,Acetylcholine receptors (muscarinic),,Class A (Rhodopsin),7.39x38,426,[u'hydrophobic']
95,acm4_human,ACM4,P08173,Acetylcholine receptors (muscarinic),,Class A (Rhodopsin),7.42x41,442,[u'hydrophobic']
96,acm4_human,ACM4,P08173,Acetylcholine receptors (muscarinic),,Class A (Rhodopsin),6.48x48,413,[u'aromatic (edge-to-face)']
97,acm4_human,ACM4,P08173,Acetylcholine receptors (muscarinic),,Class A (Rhodopsin),6.51x51,416,[u'hydrophobic']
98,acm4_human,ACM4,P08173,Acetylcholine receptors (muscarinic),,Class A (Rhodopsin),6.52x52,417,[u'polar (hydrogen bond)']
99,acm4_human,ACM4,P08173,Acetylcholine receptors (muscarinic),,Class A (Rhodopsin),3.33x33,113,[u'hydrophobic']
100,acm4_human,ACM4,P08173,Acetylcholine receptors (muscarinic),,Class A (Rhodopsin),7.39x38,439,[u'hydrophobic']
101,acm4_human,ACM4,P08173,Acetylcholine receptors (muscarinic),,Class A (Rhodopsin),4.57x57,164,[u'hydrophobic']
102,crfr1_human,CRFR1,P34998,Corticotropin-releasing factor receptors,,Class B1 (Secretin),3.44x44,203,[u'hydrophobic']
103,crfr1_human,CRFR1,P34998,Corticotropin-releasing factor receptors,,Class B1 (Secretin),3.54x54,213,[u'hydrophobic']
104,crfr1_human,CRFR1,P34998,Corticotropin-releasing factor receptors,,Class B1 (Secretin),3.47x47,206,[u'hydrophobic']
105,crfr1_human,CRFR1,P34998,Corticotropin-releasing factor receptors,,Class B1 (Secretin),6.49x49,323,[u'hydrophobic']
106,crfr1_human,CRFR1,P34998,Corticotropin-releasing factor receptors,,Class B1 (Secretin),6.46x46,320,[u'hydrophobic']
107,crfr1_human,CRFR1,P34998,Corticotropin-releasing factor receptors,,Class B1 (Secretin),6.53x53,327,[u'hydrophobic']
108,crfr1_human,CRFR1,P34998,Corticotropin-releasing factor receptors,,Class B1 (Secretin),5.47x47,280,[u'hydrophobic']
109,crfr1_human,CRFR1,P34998,Corticotropin-releasing factor receptors,,Class B1 (Secretin),5.50x50,283,[u'polar (hydrogen bond)']
110,crfr1_human,CRFR1,P34998,Corticotropin-releasing factor receptors,,Class B1 (Secretin),5.54x54,287,[u'hydrophobic']
111,oprd_human,OPRD,P41143,Opioid receptors,,Class A (Rhodopsin),3.36x36,132,[u'hydrophobic']
112,oprd_human,OPRD,P41143,Opioid receptors,,Class A (Rhodopsin),6.52x52,278,[u'aromatic (face-to-edge)']
113,oprd_human,OPRD,P41143,Opioid receptors,,Class A (Rhodopsin),6.48x48,274,[u'hydrophobic']
114,oprd_human,OPRD,P41143,Opioid receptors,,Class A (Rhodopsin),6.51x51,277,[u'hydrophobic']
115,oprd_human,OPRD,P41143,Opioid receptors,,Class A (Rhodopsin),3.32x32,128,"[u'polar (charge-assisted hydrogen bond)', u'polar (charge-charge)']"
116,oprd_human,OPRD,P41143,Opioid receptors,,Class A (Rhodopsin),3.33x33,129,[u'polar (hydrogen bond)']
117,oprd_human,OPRD,P41143,Opioid receptors,,Class A (Rhodopsin),6.55x55,281,[u'hydrophobic']
118,oprd_human,OPRD,P41143,Opioid receptors,,Class A (Rhodopsin),6.58x58,284,[u'aromatic (face-to-edge)']
119,s1pr1_human,S1PR1,P21453,Lysophospholipid (S1P) receptors,,Class A (Rhodopsin),3.28x28,120,[u'polar (charge-charge)']
120,s1pr1_human,S1PR1,P21453,Lysophospholipid (S1P) receptors,,Class A (Rhodopsin),3.29x29,121,"[u'polar (charge-assisted hydrogen bond)', u'polar (charge-charge)']"
121,s1pr1_human,S1PR1,P21453,Lysophospholipid (S1P) receptors,,Class A (Rhodopsin),3.32x32,124,[u'hydrophobic']
122,s1pr1_human,S1PR1,P21453,Lysophospholipid (S1P) receptors,,Class A (Rhodopsin),3.33x33,125,[u'hydrophobic']
123,s1pr1_human,S1PR1,P21453,Lysophospholipid (S1P) receptors,,Class A (Rhodopsin),6.55x55,276,[u'hydrophobic']
124,s1pr1_human,S1PR1,P21453,Lysophospholipid (S1P) receptors,,Class A (Rhodopsin),3.36x36,128,[u'hydrophobic']
125,s1pr1_human,S1PR1,P21453,Lysophospholipid (S1P) receptors,,Class A (Rhodopsin),7.39x38,297,[u'hydrophobic']
126,s1pr1_human,S1PR1,P21453,Lysophospholipid (S1P) receptors,,Class A (Rhodopsin),6.48x48,269,[u'hydrophobic']
127,s1pr1_human,S1PR1,P21453,Lysophospholipid (S1P) receptors,,Class A (Rhodopsin),2.60x60,101,[u'polar (charge-assisted hydrogen bond)']
128,aa2ar_human,AA2AR,P29274,Adenosine receptors,,Class A (Rhodopsin),6.55x55,253,[u'polar (hydrogen bond)']
129,aa2ar_human,AA2AR,P29274,Adenosine receptors,,Class A (Rhodopsin),7.39x38,274,[u'hydrophobic']
130,aa2ar_human,AA2AR,P29274,Adenosine receptors,,Class A (Rhodopsin),7.42x41,277,[u'polar (hydrogen bond)']
131,aa2ar_human,AA2AR,P29274,Adenosine receptors,,Class A (Rhodopsin),5.38x40,177,[u'hydrophobic']
132,aa2ar_human,AA2AR,P29274,Adenosine receptors,,Class A (Rhodopsin),7.35x34,270,[u'hydrophobic']
133,aa2ar_human,AA2AR,P29274,Adenosine receptors,,Class A (Rhodopsin),7.36x35,271,"[u'aromatic (face-to-edge)', u'polar (hydrogen bond)', u'hydrophobic']"
134,aa2ar_human,AA2AR,P29274,Adenosine receptors,,Class A (Rhodopsin),3.36x36,88,[u'polar (hydrogen bond)']
135,aa2ar_human,AA2AR,P29274,Adenosine receptors,,Class A (Rhodopsin),6.48x48,246,[u'hydrophobic']
136,aa2ar_human,AA2AR,P29274,Adenosine receptors,,Class A (Rhodopsin),7.32x31,267,"[u'polar (hydrogen bond with backbone)', u'hydrophobic']"
137,aa2ar_human,AA2AR,P29274,Adenosine receptors,,Class A (Rhodopsin),2.65x64,67,[u'polar (hydrogen bond)']
138,aa2ar_human,AA2AR,P29274,Adenosine receptors,,Class A (Rhodopsin),7.43x42,278,[u'polar (hydrogen bond)']
139,aa2ar_human,AA2AR,P29274,Adenosine receptors,,Class A (Rhodopsin),45.52x52,168,"[u'aromatic (face-to-face)', u'hydrophobic', u'aromatic (edge-to-face)']"
140,aa2ar_human,AA2AR,P29274,Adenosine receptors,,Class A (Rhodopsin),6.52x52,250,"[u'aromatic (face-to-edge)', u'polar (hydrogen bond)']"
141,aa2ar_human,AA2AR,P29274,Adenosine receptors,,Class A (Rhodopsin),6.51x51,249,[u'hydrophobic']
142,aa2ar_human,AA2AR,P29274,Adenosine receptors,,Class A (Rhodopsin),3.32x32,84,[u'hydrophobic']
143,aa2ar_human,AA2AR,P29274,Adenosine receptors,,Class A (Rhodopsin),3.33x33,85,[u'hydrophobic']
144,glp1r_human,GLP1R,P43220,Glucagon receptor family,,Class B1 (Secretin),6.36x36,347,[u'aromatic (edge-to-face)']
145,glp1r_human,GLP1R,P43220,Glucagon receptor family,,Class B1 (Secretin),6.40x40,351,[u'polar (charge-assisted hydrogen bond)']
146,glp1r_human,GLP1R,P43220,Glucagon receptor family,,Class B1 (Secretin),6.44x44,355,[u'polar (hydrogen bond)']
147,glp1r_human,GLP1R,P43220,Glucagon receptor family,,Class B1 (Secretin),8.47x47,406,[u'polar (charge-assisted hydrogen bond)']
148,glp1r_human,GLP1R,P43220,Glucagon receptor family,,Class B1 (Secretin),7.60x60,405,[u'hydrophobic']
149,glp1r_human,GLP1R,P43220,Glucagon receptor family,,Class B1 (Secretin),6.43x43,354,[u'hydrophobic']
150,glp1r_human,GLP1R,P43220,Glucagon receptor family,,Class B1 (Secretin),6.41x41,352,[u'polar (hydrogen bond)']
151,glp1r_human,GLP1R,P43220,Glucagon receptor family,,Class B1 (Secretin),7.56x56,401,"[u'polar (hydrogen bond with backbone)', u'hydrophobic']"
152,grm1_human,GRM1,Q13255,Metabotropic glutamate receptors,,Class C (Glutamate),5.40x40,753,[u'hydrophobic']
153,grm1_human,GRM1,Q13255,Metabotropic glutamate receptors,,Class C (Glutamate),5.44x44,757,[u'hydrophobic']
154,grm1_human,GRM1,Q13255,Metabotropic glutamate receptors,,Class C (Glutamate),3.36x36,664,[u'hydrophobic']
155,grm1_human,GRM1,Q13255,Metabotropic glutamate receptors,,Class C (Glutamate),6.50x50,798,[u'hydrophobic']
156,grm1_human,GRM1,Q13255,Metabotropic glutamate receptors,,Class C (Glutamate),7.35x36,818,[u'hydrophobic']
157,grm1_human,GRM1,Q13255,Metabotropic glutamate receptors,,Class C (Glutamate),6.53x53,801,[u'aromatic (face-to-edge)']
158,grm1_human,GRM1,Q13255,Metabotropic glutamate receptors,,Class C (Glutamate),6.57x57,805,[u'hydrophobic']
159,cnr1_human,CNR1,P21554,Cannabinoid receptors,,Class A (Rhodopsin),3.25x25,189,[u'hydrophobic']
160,cnr1_human,CNR1,P21554,Cannabinoid receptors,,Class A (Rhodopsin),5.40x40,276,[u'hydrophobic']
161,cnr1_human,CNR1,P21554,Cannabinoid receptors,,Class A (Rhodopsin),7.39x38,383,[u'polar (hydrogen bond)']
162,cnr1_human,CNR1,P21554,Cannabinoid receptors,,Class A (Rhodopsin),3.32x32,196,[u'hydrophobic']
163,cnr1_human,CNR1,P21554,Cannabinoid receptors,,Class A (Rhodopsin),3.29x29,193,[u'hydrophobic']
164,cnr1_human,CNR1,P21554,Cannabinoid receptors,,Class A (Rhodopsin),7.36x35,380,[u'hydrophobic']
165,cnr1_human,CNR1,P21554,Cannabinoid receptors,,Class A (Rhodopsin),6.48x48,356,[u'hydrophobic']
166,cnr1_human,CNR1,P21554,Cannabinoid receptors,,Class A (Rhodopsin),1.39x39,123,[u'polar (hydrogen bond)']
167,cnr1_human,CNR1,P21554,Cannabinoid receptors,,Class A (Rhodopsin),7.40x39,384,[u'polar (hydrogen bond)']
168,cnr1_human,CNR1,P21554,Cannabinoid receptors,,Class A (Rhodopsin),7.42x41,386,[u'hydrophobic']
169,cnr1_human,CNR1,P21554,Cannabinoid receptors,,Class A (Rhodopsin),7.43x42,387,[u'hydrophobic']
170,cnr1_human,CNR1,P21554,Cannabinoid receptors,,Class A (Rhodopsin),2.64x64,177,[u'hydrophobic']
171,cnr1_human,CNR1,P21554,Cannabinoid receptors,,Class A (Rhodopsin),5.43x43,279,[u'hydrophobic']
172,cnr1_human,CNR1,P21554,Cannabinoid receptors,,Class A (Rhodopsin),2.61x61,174,[u'hydrophobic']
173,cnr1_human,CNR1,P21554,Cannabinoid receptors,,Class A (Rhodopsin),6.51x51,359,[u'hydrophobic']
174,cnr1_human,CNR1,P21554,Cannabinoid receptors,,Class A (Rhodopsin),2.57x57,170,[u'aromatic (edge-to-face)']
175,ccr9_human,CCR9,P51686,Chemokine receptors,,Class A (Rhodopsin),3.46x46,140,[u'hydrophobic']
176,ccr9_human,CCR9,P51686,Chemokine receptors,,Class A (Rhodopsin),7.53x53,317,[u'aromatic (face-to-edge)']
177,ccr9_human,CCR9,P51686,Chemokine receptors,,Class A (Rhodopsin),8.48x48,322,[u'polar (hydrogen bond with backbone)']
178,ccr9_human,CCR9,P51686,Chemokine receptors,,Class A (Rhodopsin),8.49x49,323,[u'polar (hydrogen bond with backbone)']
179,ccr9_human,CCR9,P51686,Chemokine receptors,,Class A (Rhodopsin),6.40x40,259,[u'hydrophobic']
180,ccr9_human,CCR9,P51686,Chemokine receptors,,Class A (Rhodopsin),1.57x57,73,[u'hydrophobic']
181,ccr9_human,CCR9,P51686,Chemokine receptors,,Class A (Rhodopsin),8.50x50,324,[u'polar (hydrogen bond with backbone)']
182,ccr9_human,CCR9,P51686,Chemokine receptors,,Class A (Rhodopsin),2.37x37,81,[u'polar (hydrogen bond)']
183,ccr9_human,CCR9,P51686,Chemokine receptors,,Class A (Rhodopsin),2.43x43,87,[u'hydrophobic']
184,ccr9_human,CCR9,P51686,Chemokine receptors,,Class A (Rhodopsin),2.40x40,84,[u'polar (charge-assisted hydrogen bond)']
185,ccr9_human,CCR9,P51686,Chemokine receptors,,Class A (Rhodopsin),6.36x36,255,[u'hydrophobic']
186,par2_human,PAR2,P55085,Proteinase-activated receptors,,Class A (Rhodopsin),4.54x54,203,[u'hydrophobic']
187,par2_human,PAR2,P55085,Proteinase-activated receptors,,Class A (Rhodopsin),3.32x32,155,[u'aromatic (face-to-edge)']
188,par2_human,PAR2,P55085,Proteinase-activated receptors,,Class A (Rhodopsin),3.31x31,154,[u'aromatic (face-to-edge)']
189,par2_human,PAR2,P55085,Proteinase-activated receptors,,Class A (Rhodopsin),4.61x62,210,[u'hydrophobic']
190,par2_human,PAR2,P55085,Proteinase-activated receptors,,Class A (Rhodopsin),7.39x38,330,[u'hydrophobic']
191,par2_human,PAR2,P55085,Proteinase-activated receptors,,Class A (Rhodopsin),4.50x50,199,[u'polar (hydrogen bond with backbone)']
192,par2_human,PAR2,P55085,Proteinase-activated receptors,,Class A (Rhodopsin),3.34x34,157,[u'hydrophobic']
193,par2_human,PAR2,P55085,Proteinase-activated receptors,,Class A (Rhodopsin),1.39x39,82,[u'polar (hydrogen bond)']
194,par2_human,PAR2,P55085,Proteinase-activated receptors,,Class A (Rhodopsin),2.52x52,123,[u'hydrophobic']
195,par2_human,PAR2,P55085,Proteinase-activated receptors,,Class A (Rhodopsin),2.64x64,135,"[u'aromatic (edge-to-face)', u'polar (hydrogen bond)']"
196,par2_human,PAR2,P55085,Proteinase-activated receptors,,Class A (Rhodopsin),45.52x52,228,[u'polar (charge-assisted hydrogen bond)']
197,par2_human,PAR2,P55085,Proteinase-activated receptors,,Class A (Rhodopsin),45.51x51,227,[u'aromatic (face-to-face)']
198,par2_human,PAR2,P55085,Proteinase-activated receptors,,Class A (Rhodopsin),45.50x50,226,[u'hydrophobic']
199,ednrb_human,EDNRB,P24530,Endothelin receptors,,Class A (Rhodopsin),3.33x33,182,[u'polar (charge-charge)']
200,ednrb_human,EDNRB,P24530,Endothelin receptors,,Class A (Rhodopsin),7.39x38,372,[u'hydrophobic']
201,ednrb_human,EDNRB,P24530,Endothelin receptors,,Class A (Rhodopsin),6.51x51,339,[u'hydrophobic']
202,ednrb_human,EDNRB,P24530,Endothelin receptors,,Class A (Rhodopsin),6.62x62,350,[u'polar (charge-assisted hydrogen bond)']
203,ednrb_human,EDNRB,P24530,Endothelin receptors,,Class A (Rhodopsin),2.61x60,158,[u'polar (hydrogen bond)']
204,ednrb_human,EDNRB,P24530,Endothelin receptors,,Class A (Rhodopsin),6.48x48,336,[u'hydrophobic']
205,ednrb_human,EDNRB,P24530,Endothelin receptors,,Class A (Rhodopsin),6.58x58,346,[u'polar (charge-assisted hydrogen bond)']
206,ednrb_human,EDNRB,P24530,Endothelin receptors,,Class A (Rhodopsin),45.52x52,257,[u'polar (hydrogen bond with backbone)']
207,ednrb_human,EDNRB,P24530,Endothelin receptors,,Class A (Rhodopsin),7.24x23,357,[u'polar (charge-charge)']
208,ednrb_human,EDNRB,P24530,Endothelin receptors,,Class A (Rhodopsin),6.55x55,343,[u'polar (charge-charge)']
209,ednrb_human,EDNRB,P24530,Endothelin receptors,,Class A (Rhodopsin),5.38x39,273,[u'polar (charge-charge)']
210,ednrb_human,EDNRB,P24530,Endothelin receptors,,Class A (Rhodopsin),7.35x34,368,[u'polar (charge-charge)']
211,ednrb_human,EDNRB,P24530,Endothelin receptors,,Class A (Rhodopsin),7.36x35,369,[u'polar (hydrogen bond)']
212,ednrb_human,EDNRB,P24530,Endothelin receptors,,Class A (Rhodopsin),3.32x32,181,[u'polar (hydrogen bond)']
213,ednrb_human,EDNRB,P24530,Endothelin receptors,,Class A (Rhodopsin),7.32x31,365,[u'hydrophobic']
214,ednrb_human,EDNRB,P24530,Endothelin receptors,,Class A (Rhodopsin),45.51x51,256,[u'hydrophobic']
215,ednrb_human,EDNRB,P24530,Endothelin receptors,,Class A (Rhodopsin),2.64x63,161,[u'polar (charge-assisted hydrogen bond)']
216,ednrb_human,EDNRB,P24530,Endothelin receptors,,Class A (Rhodopsin),7.28x27,361,[u'hydrophobic']
217,p2ry1_human,P2RY1,P47900,P2Y receptors,,Class A (Rhodopsin),7.32x31,303,[u'polar (charge-assisted hydrogen bond)']
218,p2ry1_human,P2RY1,P47900,P2Y receptors,,Class A (Rhodopsin),45.52x52,204,[u'polar (hydrogen bond with backbone)']
219,p2ry1_human,P2RY1,P47900,P2Y receptors,,Class A (Rhodopsin),23.52x52,119,[u'aromatic (face-to-edge)']
220,p2ry1_human,P2RY1,P47900,P2Y receptors,,Class A (Rhodopsin),7.39x38,310,[u'polar (charge-assisted hydrogen bond)']
221,p2ry1_human,P2RY1,P47900,P2Y receptors,,Class A (Rhodopsin),1.43x43,62,[u'aromatic (edge-to-face)']
222,p2ry1_human,P2RY1,P47900,P2Y receptors,,Class A (Rhodopsin),3.24x24,123,[u'hydrophobic']
223,p2ry1_human,P2RY1,P47900,P2Y receptors,,Class A (Rhodopsin),2.55x55,102,[u'polar (hydrogen bond with backbone)']
224,p2ry1_human,P2RY1,P47900,P2Y receptors,,Class A (Rhodopsin),6.58x58,283,[u'polar (hydrogen bond)']
225,p2ry1_human,P2RY1,P47900,P2Y receptors,,Class A (Rhodopsin),2.59x59,106,[u'hydrophobic']
226,p2ry1_human,P2RY1,P47900,P2Y receptors,,Class A (Rhodopsin),2.58x58,105,[u'hydrophobic']
227,apj_human,APJ,P35414,Apelin receptors,,Class A (Rhodopsin),6.58x58,271,[u'polar (hydrogen bond)']
228,apj_human,APJ,P35414,Apelin receptors,,Class A (Rhodopsin),6.55x55,268,[u'polar (charge-assisted hydrogen bond)']
229,apj_human,APJ,P35414,Apelin receptors,,Class A (Rhodopsin),7.35x34,291,[u'hydrophobic']
230,apj_human,APJ,P35414,Apelin receptors,,Class A (Rhodopsin),2.60x60,85,[u'hydrophobic']
231,apj_human,APJ,P35414,Apelin receptors,,Class A (Rhodopsin),6.51x51,264,[u'polar (hydrogen bond)']
232,hrh1_human,HRH1,P35367,Histamine receptors,,Class A (Rhodopsin),4.56x57,158,[u'aromatic (face-to-edge)']
233,hrh1_human,HRH1,P35367,Histamine receptors,,Class A (Rhodopsin),6.48x48,428,[u'aromatic (face-to-edge)']
234,hrh1_human,HRH1,P35367,Histamine receptors,,Class A (Rhodopsin),3.33x33,108,[u'aromatic (edge-to-face)']
235,hrh1_human,HRH1,P35367,Histamine receptors,,Class A (Rhodopsin),3.37x37,112,[u'polar (hydrogen bond)']
236,hrh1_human,HRH1,P35367,Histamine receptors,,Class A (Rhodopsin),6.55x55,435,[u'aromatic (face-to-edge)']
237,hrh1_human,HRH1,P35367,Histamine receptors,,Class A (Rhodopsin),6.52x52,432,[u'aromatic (edge-to-face)']
238,hrh1_human,HRH1,P35367,Histamine receptors,,Class A (Rhodopsin),3.32x32,107,[u'polar (charge-charge)']
239,hrh1_human,HRH1,P35367,Histamine receptors,,Class A (Rhodopsin),6.51x51,431,[u'hydrophobic']
240,acm1_human,ACM1,P11229,Acetylcholine receptors (muscarinic),,Class A (Rhodopsin),4.57x57,157,[u'hydrophobic']
241,acm1_human,ACM1,P11229,Acetylcholine receptors (muscarinic),,Class A (Rhodopsin),3.36x36,109,[u'polar (hydrogen bond)']
242,acm1_human,ACM1,P11229,Acetylcholine receptors (muscarinic),,Class A (Rhodopsin),6.51x51,381,[u'hydrophobic']
243,acm1_human,ACM1,P11229,Acetylcholine receptors (muscarinic),,Class A (Rhodopsin),5.46x461,196,[u'hydrophobic']
244,acm1_human,ACM1,P11229,Acetylcholine receptors (muscarinic),,Class A (Rhodopsin),5.42x43,192,[u'polar (hydrogen bond)']
245,acm1_human,ACM1,P11229,Acetylcholine receptors (muscarinic),,Class A (Rhodopsin),7.42x41,407,[u'hydrophobic']
246,acm1_human,ACM1,P11229,Acetylcholine receptors (muscarinic),,Class A (Rhodopsin),6.48x48,378,[u'hydrophobic']
247,acm1_human,ACM1,P11229,Acetylcholine receptors (muscarinic),,Class A (Rhodopsin),6.52x52,382,[u'polar (hydrogen bond)']
248,acm1_human,ACM1,P11229,Acetylcholine receptors (muscarinic),,Class A (Rhodopsin),7.39x38,404,[u'hydrophobic']
249,acm1_human,ACM1,P11229,Acetylcholine receptors (muscarinic),,Class A (Rhodopsin),3.33x33,106,[u'aromatic (edge-to-face)']
250,aa1r_human,AA1R,P30542,Adenosine receptors,,Class A (Rhodopsin),1.35x35,12,[u'polar (hydrogen bond)']
251,aa1r_human,AA1R,P30542,Adenosine receptors,,Class A (Rhodopsin),7.36x35,271,[u'polar (hydrogen bond)']
252,aa1r_human,AA1R,P30542,Adenosine receptors,,Class A (Rhodopsin),3.33x33,88,[u'hydrophobic']
253,aa1r_human,AA1R,P30542,Adenosine receptors,,Class A (Rhodopsin),7.39x38,274,[u'hydrophobic']
254,aa1r_human,AA1R,P30542,Adenosine receptors,,Class A (Rhodopsin),45.52x52,171,[u'aromatic (face-to-face)']
255,aa1r_human,AA1R,P30542,Adenosine receptors,,Class A (Rhodopsin),6.51x51,250,[u'hydrophobic']
256,aa1r_human,AA1R,P30542,Adenosine receptors,,Class A (Rhodopsin),6.55x55,254,[u'polar (hydrogen bond)']
257,5ht2b_human,5HT2B,P41595,5-Hydroxytryptamine receptors,,Class A (Rhodopsin),5.38x39,217,[u'hydrophobic']
258,5ht2b_human,5HT2B,P41595,5-Hydroxytryptamine receptors,,Class A (Rhodopsin),3.37x37,140,[u'polar (hydrogen bond)']
259,5ht2b_human,5HT2B,P41595,5-Hydroxytryptamine receptors,,Class A (Rhodopsin),45.52x52,209,"[u'polar (hydrogen bond with backbone)', u'hydrophobic']"
260,5ht2b_human,5HT2B,P41595,5-Hydroxytryptamine receptors,,Class A (Rhodopsin),45.51x51,208,[u'hydrophobic']
261,5ht2b_human,5HT2B,P41595,5-Hydroxytryptamine receptors,,Class A (Rhodopsin),5.39x40,218,[u'hydrophobic']
262,5ht2b_human,5HT2B,P41595,5-Hydroxytryptamine receptors,,Class A (Rhodopsin),6.51x51,340,[u'hydrophobic']
263,5ht2b_human,5HT2B,P41595,5-Hydroxytryptamine receptors,,Class A (Rhodopsin),3.33x33,136,[u'hydrophobic']
264,5ht2b_human,5HT2B,P41595,5-Hydroxytryptamine receptors,,Class A (Rhodopsin),3.32x32,135,[u'polar (charge-charge)']
265,5ht2b_human,5HT2B,P41595,5-Hydroxytryptamine receptors,,Class A (Rhodopsin),7.39x38,366,[u'hydrophobic']
266,5ht2b_human,5HT2B,P41595,5-Hydroxytryptamine receptors,,Class A (Rhodopsin),5.46x461,225,[u'hydrophobic']
267,5ht2b_human,5HT2B,P41595,5-Hydroxytryptamine receptors,,Class A (Rhodopsin),7.35x34,362,[u'hydrophobic']
268,5ht2b_human,5HT2B,P41595,5-Hydroxytryptamine receptors,,Class A (Rhodopsin),5.42x43,221,[u'polar (hydrogen bond with backbone)']
269,5ht2b_human,5HT2B,P41595,5-Hydroxytryptamine receptors,,Class A (Rhodopsin),6.52x52,341,[u'aromatic (edge-to-face)']
270,agtr1_human,AGTR1,P30556,Angiotensin receptors,,Class A (Rhodopsin),1.39x39,35,[u'polar (hydrogen bond)']
271,agtr1_human,AGTR1,P30556,Angiotensin receptors,,Class A (Rhodopsin),45.52x52,182,[u'aromatic (edge-to-face)']
272,agtr1_human,AGTR1,P30556,Angiotensin receptors,,Class A (Rhodopsin),7.39x38,288,[u'hydrophobic']
273,agtr1_human,AGTR1,P30556,Angiotensin receptors,,Class A (Rhodopsin),3.32x32,108,[u'hydrophobic']
274,agtr1_human,AGTR1,P30556,Angiotensin receptors,,Class A (Rhodopsin),4.64x65,167,"[u'polar (charge-assisted hydrogen bond)', u'polar (charge-charge)']"
275,agtr1_human,AGTR1,P30556,Angiotensin receptors,,Class A (Rhodopsin),2.60x60,84,[u'aromatic (face-to-face)']
276,lpar1_human,LPAR1,Q92633,Lysophospholipid (LPA) receptors,,Class A (Rhodopsin),5.43x43,210,[u'polar (hydrogen bond)']
277,lpar1_human,LPAR1,Q92633,Lysophospholipid (LPA) receptors,,Class A (Rhodopsin),6.48x48,271,[u'hydrophobic']
278,lpar1_human,LPAR1,Q92633,Lysophospholipid (LPA) receptors,,Class A (Rhodopsin),6.55x55,278,[u'hydrophobic']
279,lpar1_human,LPAR1,Q92633,Lysophospholipid (LPA) receptors,,Class A (Rhodopsin),3.29x29,125,[u'polar (hydrogen bond)']
280,lpar1_human,LPAR1,Q92633,Lysophospholipid (LPA) receptors,,Class A (Rhodopsin),7.39x38,297,[u'hydrophobic']
281,lpar1_human,LPAR1,Q92633,Lysophospholipid (LPA) receptors,,Class A (Rhodopsin),3.32x32,128,[u'hydrophobic']
282,lpar1_human,LPAR1,Q92633,Lysophospholipid (LPA) receptors,,Class A (Rhodopsin),7.38x37,296,[u'hydrophobic']
283,lpar1_human,LPAR1,Q92633,Lysophospholipid (LPA) receptors,,Class A (Rhodopsin),7.36x35,294,[u'polar (charge-charge)']
284,lpar1_human,LPAR1,Q92633,Lysophospholipid (LPA) receptors,,Class A (Rhodopsin),7.35x34,293,[u'polar (charge-assisted hydrogen bond)']
285,glr_human,GLR,P47871,Glucagon receptor family,,Class B1 (Secretin),1.43x43,145,[u'hydrophobic']
286,glr_human,GLR,P47871,Glucagon receptor family,,Class B1 (Secretin),2.72x72,199,[u'polar (charge-assisted hydrogen bond)']
287,glr_human,GLR,P47871,Glucagon receptor family,,Class B1 (Secretin),7.43x42,386,[u'hydrophobic']
288,glr_human,GLR,P47871,Glucagon receptor family,,Class B1 (Secretin),2.67x67,194,[u'hydrophobic']
289,glr_human,GLR,P47871,Glucagon receptor family,,Class B1 (Secretin),2.64x64,191,[u'hydrophobic']
290,glr_human,GLR,P47871,Glucagon receptor family,,Class B1 (Secretin),7.60x60,403,[u'polar (hydrogen bond with backbone)']
291,glr_human,GLR,P47871,Glucagon receptor family,,Class B1 (Secretin),6.48x48,357,[u'hydrophobic']
292,glr_human,GLR,P47871,Glucagon receptor family,,Class B1 (Secretin),7.49x49,392,[u'polar (hydrogen bond)']
293,glr_human,GLR,P47871,Glucagon receptor family,,Class B1 (Secretin),6.37x37,346,[u'polar (hydrogen bond with backbone)']
294,glr_human,GLR,P47871,Glucagon receptor family,,Class B1 (Secretin),8.47x47,404,[u'polar (hydrogen bond)']
295,glr_human,GLR,P47871,Glucagon receptor family,,Class B1 (Secretin),6.44x44,353,[u'polar (hydrogen bond)']
296,glr_human,GLR,P47871,Glucagon receptor family,,Class B1 (Secretin),3.44x44,239,[u'polar (hydrogen bond)']
297,glr_human,GLR,P47871,Glucagon receptor family,,Class B1 (Secretin),7.52x52,395,[u'hydrophobic']
298,glr_human,GLR,P47871,Glucagon receptor family,,Class B1 (Secretin),6.41x41,350,"[u'polar (charge-assisted hydrogen bond)', u'polar (hydrogen bond)']"
299,glr_human,GLR,P47871,Glucagon receptor family,,Class B1 (Secretin),3.40x40,235,[u'hydrophobic']
300,glr_human,GLR,P47871,Glucagon receptor family,,Class B1 (Secretin),7.56x56,399,"[u'polar (hydrogen bond with backbone)', u'hydrophobic']"
301,glr_human,GLR,P47871,Glucagon receptor family,,Class B1 (Secretin),6.56x56,365,[u'hydrophobic']
302,oprk_human,OPRK,P41145,Opioid receptors,,Class A (Rhodopsin),3.36x36,142,[u'hydrophobic']
303,oprk_human,OPRK,P41145,Opioid receptors,,Class A (Rhodopsin),7.39x38,316,[u'hydrophobic']
304,oprk_human,OPRK,P41145,Opioid receptors,,Class A (Rhodopsin),7.43x42,320,[u'hydrophobic']
305,oprk_human,OPRK,P41145,Opioid receptors,,Class A (Rhodopsin),23.50x50,124,[u'hydrophobic']
306,oprk_human,OPRK,P41145,Opioid receptors,,Class A (Rhodopsin),3.28x28,134,[u'hydrophobic']
307,oprk_human,OPRK,P41145,Opioid receptors,,Class A (Rhodopsin),6.55x55,294,[u'hydrophobic']
308,oprk_human,OPRK,P41145,Opioid receptors,,Class A (Rhodopsin),3.32x32,138,"[u'polar (charge-assisted hydrogen bond)', u'polar (charge-charge)']"
309,oprk_human,OPRK,P41145,Opioid receptors,,Class A (Rhodopsin),5.42x43,230,[u'hydrophobic']
310,oprk_human,OPRK,P41145,Opioid receptors,,Class A (Rhodopsin),6.51x51,290,[u'hydrophobic']
311,ccr5_human,CCR5,P51681,Chemokine receptors,,Class A (Rhodopsin),5.42x43,198,[u'hydrophobic']
312,ccr5_human,CCR5,P51681,Chemokine receptors,,Class A (Rhodopsin),1.39x39,37,"[u'aromatic (edge-to-face)', u'polar (hydrogen bond)']"
313,ccr5_human,CCR5,P51681,Chemokine receptors,,Class A (Rhodopsin),3.32x32,108,[u'aromatic (edge-to-face)']
314,ccr5_human,CCR5,P51681,Chemokine receptors,,Class A (Rhodopsin),3.33x33,109,[u'aromatic (face-to-edge)']
315,ccr5_human,CCR5,P51681,Chemokine receptors,,Class A (Rhodopsin),3.36x36,112,[u'aromatic (face-to-edge)']
316,ccr5_human,CCR5,P51681,Chemokine receptors,,Class A (Rhodopsin),7.39x38,283,[u'polar (charge-charge)']
317,ccr5_human,CCR5,P51681,Chemokine receptors,,Class A (Rhodopsin),6.51x51,251,[u'polar (hydrogen bond)']
318,ccr5_human,CCR5,P51681,Chemokine receptors,,Class A (Rhodopsin),2.60x60,86,[u'hydrophobic']
319,ccr5_human,CCR5,P51681,Chemokine receptors,,Class A (Rhodopsin),6.55x55,255,[u'hydrophobic']
320,ffar1_human,FFAR1,O14842,Free fatty acid receptors,,Class A (Rhodopsin),5.50x50,194,[u'hydrophobic']
321,ffar1_human,FFAR1,O14842,Free fatty acid receptors,,Class A (Rhodopsin),5.53x53,197,[u'hydrophobic']
322,ffar1_human,FFAR1,O14842,Free fatty acid receptors,,Class A (Rhodopsin),5.46x461,190,[u'hydrophobic']
323,ffar1_human,FFAR1,O14842,Free fatty acid receptors,,Class A (Rhodopsin),4.52x52,133,[u'hydrophobic']
324,ffar1_human,FFAR1,O14842,Free fatty acid receptors,,Class A (Rhodopsin),34.53x53,114,[u'hydrophobic']
325,ffar1_human,FFAR1,O14842,Free fatty acid receptors,,Class A (Rhodopsin),7.35x34,258,[u'polar (charge-charge)']
326,ffar1_human,FFAR1,O14842,Free fatty acid receptors,,Class A (Rhodopsin),4.49x49,130,[u'hydrophobic']
327,ffar1_human,FFAR1,O14842,Free fatty acid receptors,,Class A (Rhodopsin),3.29x29,83,[u'hydrophobic']
328,ffar1_human,FFAR1,O14842,Free fatty acid receptors,,Class A (Rhodopsin),3.26x26,80,[u'hydrophobic']
329,ffar1_human,FFAR1,O14842,Free fatty acid receptors,,Class A (Rhodopsin),4.57x57,138,"[u'polar (hydrogen bond with backbone)', u'hydrophobic']"
330,ffar1_human,FFAR1,O14842,Free fatty acid receptors,,Class A (Rhodopsin),3.48x48,102,[u'hydrophobic']
331,ffar1_human,FFAR1,O14842,Free fatty acid receptors,,Class A (Rhodopsin),45.51x51,171,[u'hydrophobic']
332,ffar1_human,FFAR1,O14842,Free fatty acid receptors,,Class A (Rhodopsin),2.42x42,44,[u'polar (charge-assisted hydrogen bond)']
333,ffar1_human,FFAR1,O14842,Free fatty acid receptors,,Class A (Rhodopsin),3.33x33,87,"[u'aromatic (face-to-edge)', u'hydrophobic']"
334,ffar1_human,FFAR1,O14842,Free fatty acid receptors,,Class A (Rhodopsin),5.39x40,183,[u'polar (charge-charge)']
335,ffar1_human,FFAR1,O14842,Free fatty acid receptors,,Class A (Rhodopsin),5.42x43,186,[u'hydrophobic']
336,ffar1_human,FFAR1,O14842,Free fatty acid receptors,,Class A (Rhodopsin),3.30x30,84,[u'hydrophobic']
337,ffar1_human,FFAR1,O14842,Free fatty acid receptors,,Class A (Rhodopsin),4.61x61,142,"[u'aromatic (edge-to-face)', u'hydrophobic']"
338,ffar1_human,FFAR1,O14842,Free fatty acid receptors,,Class A (Rhodopsin),3.45x45,99,[u'hydrophobic']
339,ffar1_human,FFAR1,O14842,Free fatty acid receptors,,Class A (Rhodopsin),3.44x44,98,[u'hydrophobic']
340,ffar1_human,FFAR1,O14842,Free fatty acid receptors,,Class A (Rhodopsin),4.42x42,123,[u'polar (charge-assisted hydrogen bond)']
341,ffar1_human,FFAR1,O14842,Free fatty acid receptors,,Class A (Rhodopsin),6.51x51,240,[u'polar (charge-assisted hydrogen bond)']
342,ffar1_human,FFAR1,O14842,Free fatty acid receptors,,Class A (Rhodopsin),4.45x45,126,[u'hydrophobic']
343,ffar1_human,FFAR1,O14842,Free fatty acid receptors,,Class A (Rhodopsin),3.37x37,91,"[u'polar (charge-assisted hydrogen bond)', u'polar (hydrogen bond with backbone)']"
344,ffar1_human,FFAR1,O14842,Free fatty acid receptors,,Class A (Rhodopsin),3.52x52,106,[u'hydrophobic']
345,drd3_human,DRD3,P35462,Dopamine receptors,,Class A (Rhodopsin),6.51x51,345,[u'aromatic (edge-to-face)']
346,drd3_human,DRD3,P35462,Dopamine receptors,,Class A (Rhodopsin),45.52x52,183,[u'hydrophobic']
347,drd3_human,DRD3,P35462,Dopamine receptors,,Class A (Rhodopsin),6.52x52,346,[u'hydrophobic']
348,drd3_human,DRD3,P35462,Dopamine receptors,,Class A (Rhodopsin),3.33x33,111,[u'hydrophobic']
349,drd3_human,DRD3,P35462,Dopamine receptors,,Class A (Rhodopsin),3.32x32,110,"[u'polar (charge-assisted hydrogen bond)', u'polar (charge-charge)']"
350,drd3_human,DRD3,P35462,Dopamine receptors,,Class A (Rhodopsin),6.55x55,349,[u'polar (hydrogen bond)']
351,adrb2_human,ADRB2,P07550,Adrenoceptors,,Class A (Rhodopsin),3.37x37,118,[u'polar (hydrogen bond)']
352,adrb2_human,ADRB2,P07550,Adrenoceptors,,Class A (Rhodopsin),5.42x43,203,"[u'polar (hydrogen bond with backbone)', u'polar (hydrogen bond)']"
353,adrb2_human,ADRB2,P07550,Adrenoceptors,,Class A (Rhodopsin),5.38x39,199,[u'hydrophobic']
354,adrb2_human,ADRB2,P07550,Adrenoceptors,,Class A (Rhodopsin),5.46x461,207,[u'polar (hydrogen bond)']
355,adrb2_human,ADRB2,P07550,Adrenoceptors,,Class A (Rhodopsin),3.33x33,114,[u'hydrophobic']
356,adrb2_human,ADRB2,P07550,Adrenoceptors,,Class A (Rhodopsin),6.46x46,284,[u'polar (hydrogen bond)']
357,adrb2_human,ADRB2,P07550,Adrenoceptors,,Class A (Rhodopsin),45.50x50,191,[u'hydrophobic']
358,adrb2_human,ADRB2,P07550,Adrenoceptors,,Class A (Rhodopsin),45.52x52,193,"[u'aromatic (edge-to-face)', u'hydrophobic']"
359,adrb2_human,ADRB2,P07550,Adrenoceptors,,Class A (Rhodopsin),45.51x51,192,[u'polar (charge-assisted hydrogen bond)']
360,adrb2_human,ADRB2,P07550,Adrenoceptors,,Class A (Rhodopsin),6.51x51,289,"[u'aromatic (edge-to-face)', u'hydrophobic']"
361,adrb2_human,ADRB2,P07550,Adrenoceptors,,Class A (Rhodopsin),6.50x50,288,[u'polar (charge-assisted hydrogen bond)']
362,adrb2_human,ADRB2,P07550,Adrenoceptors,,Class A (Rhodopsin),3.36x36,117,[u'hydrophobic']
363,adrb2_human,ADRB2,P07550,Adrenoceptors,,Class A (Rhodopsin),3.28x28,109,"[u'aromatic (edge-to-face)', u'hydrophobic']"
364,adrb2_human,ADRB2,P07550,Adrenoceptors,,Class A (Rhodopsin),3.32x32,113,"[u'polar (charge-assisted hydrogen bond)', u'polar (charge-charge)']"
365,adrb2_human,ADRB2,P07550,Adrenoceptors,,Class A (Rhodopsin),7.39x38,312,"[u'polar (charge-assisted hydrogen bond)', u'polar (hydrogen bond)']"
366,adrb2_human,ADRB2,P07550,Adrenoceptors,,Class A (Rhodopsin),2.64x63,93,[u'polar (hydrogen bond)']
367,adrb2_human,ADRB2,P07550,Adrenoceptors,,Class A (Rhodopsin),6.55x55,293,[u'polar (hydrogen bond)']
368,adrb2_human,ADRB2,P07550,Adrenoceptors,,Class A (Rhodopsin),6.52x52,290,"[u'aromatic (edge-to-face)', u'hydrophobic']"
369,oprx_human,OPRX,P41146,Opioid receptors,,Class A (Rhodopsin),3.36x36,134,[u'hydrophobic']
370,oprx_human,OPRX,P41146,Opioid receptors,,Class A (Rhodopsin),5.42x43,219,[u'hydrophobic']
371,oprx_human,OPRX,P41146,Opioid receptors,,Class A (Rhodopsin),3.33x33,131,[u'hydrophobic']
372,oprx_human,OPRX,P41146,Opioid receptors,,Class A (Rhodopsin),3.32x32,130,[u'polar (charge-charge)']
373,oprx_human,OPRX,P41146,Opioid receptors,,Class A (Rhodopsin),3.29x29,127,[u'hydrophobic']
374,oprx_human,OPRX,P41146,Opioid receptors,,Class A (Rhodopsin),2.60x60,107,[u'polar (hydrogen bond)']
375,5ht1b_human,5HT1B,P28222,5-Hydroxytryptamine receptors,,Class A (Rhodopsin),45.52x52,201,[u'polar (hydrogen bond with backbone)']
376,5ht1b_human,5HT1B,P28222,5-Hydroxytryptamine receptors,,Class A (Rhodopsin),45.51x51,200,[u'hydrophobic']
377,5ht1b_human,5HT1B,P28222,5-Hydroxytryptamine receptors,,Class A (Rhodopsin),7.35x34,351,[u'hydrophobic']
378,5ht1b_human,5HT1B,P28222,5-Hydroxytryptamine receptors,,Class A (Rhodopsin),6.58x58,337,[u'hydrophobic']
379,5ht1b_human,5HT1B,P28222,5-Hydroxytryptamine receptors,,Class A (Rhodopsin),6.52x52,331,[u'aromatic (edge-to-face)']
380,5ht1b_human,5HT1B,P28222,5-Hydroxytryptamine receptors,,Class A (Rhodopsin),6.51x51,330,[u'hydrophobic']
381,5ht1b_human,5HT1B,P28222,5-Hydroxytryptamine receptors,,Class A (Rhodopsin),3.36x36,133,[u'hydrophobic']
382,5ht1b_human,5HT1B,P28222,5-Hydroxytryptamine receptors,,Class A (Rhodopsin),3.33x33,130,[u'hydrophobic']
383,5ht1b_human,5HT1B,P28222,5-Hydroxytryptamine receptors,,Class A (Rhodopsin),6.48x48,327,[u'hydrophobic']
384,5ht1b_human,5HT1B,P28222,5-Hydroxytryptamine receptors,,Class A (Rhodopsin),5.46x461,216,[u'hydrophobic']
385,5ht1b_human,5HT1B,P28222,5-Hydroxytryptamine receptors,,Class A (Rhodopsin),3.37x37,134,[u'polar (hydrogen bond)']
386,5ht1b_human,5HT1B,P28222,5-Hydroxytryptamine receptors,,Class A (Rhodopsin),3.32x32,129,[u'polar (charge-charge)']
387,adrb1_melga,ADRB1,P08588,Adrenoceptors,,Class A (Rhodopsin),45.52x52,201,"[u'aromatic (edge-to-face)', u'hydrophobic']"
388,adrb1_melga,ADRB1,P08588,Adrenoceptors,,Class A (Rhodopsin),5.46x461,215,[u'polar (hydrogen bond)']
389,adrb1_melga,ADRB1,P08588,Adrenoceptors,,Class A (Rhodopsin),45.50x50,199,[u'polar (hydrogen bond with backbone)']
390,adrb1_melga,ADRB1,P08588,Adrenoceptors,,Class A (Rhodopsin),5.38x39,207,"[u'aromatic (edge-to-face)', u'hydrophobic']"
391,adrb1_melga,ADRB1,P08588,Adrenoceptors,,Class A (Rhodopsin),5.42x43,211,[u'polar (hydrogen bond)']
392,adrb1_melga,ADRB1,P08588,Adrenoceptors,,Class A (Rhodopsin),6.55x55,310,[u'polar (hydrogen bond)']
393,adrb1_melga,ADRB1,P08588,Adrenoceptors,,Class A (Rhodopsin),7.40x39,330,[u'aromatic (face-to-edge)']
394,adrb1_melga,ADRB1,P08588,Adrenoceptors,,Class A (Rhodopsin),7.43x42,333,[u'polar (hydrogen bond)']
395,adrb1_melga,ADRB1,P08588,Adrenoceptors,,Class A (Rhodopsin),6.52x52,307,[u'aromatic (edge-to-face)']
396,adrb1_melga,ADRB1,P08588,Adrenoceptors,,Class A (Rhodopsin),3.32x32,121,"[u'polar (charge-assisted hydrogen bond)', u'polar (charge-charge)']"
397,adrb1_melga,ADRB1,P08588,Adrenoceptors,,Class A (Rhodopsin),3.28x28,117,"[u'aromatic (edge-to-face)', u'hydrophobic']"
398,adrb1_melga,ADRB1,P08588,Adrenoceptors,,Class A (Rhodopsin),7.36x35,326,[u'hydrophobic']
399,adrb1_melga,ADRB1,P08588,Adrenoceptors,,Class A (Rhodopsin),6.51x51,306,"[u'aromatic (edge-to-face)', u'hydrophobic']"
400,adrb1_melga,ADRB1,P08588,Adrenoceptors,,Class A (Rhodopsin),7.39x38,329,"[u'polar (charge-assisted hydrogen bond)', u'polar (hydrogen bond)']"
401,adrb1_melga,ADRB1,P08588,Adrenoceptors,,Class A (Rhodopsin),3.33x33,122,[u'hydrophobic']
402,adrb1_melga,ADRB1,P08588,Adrenoceptors,,Class A (Rhodopsin),2.64x63,101,[u'hydrophobic']
403,adrb1_melga,ADRB1,P08588,Adrenoceptors,,Class A (Rhodopsin),3.36x36,125,[u'hydrophobic']
404,oprm_mouse,OPRM,P35372,Opioid receptors,,Class A (Rhodopsin),3.32x32,147,[u'polar (charge-charge)']
405,oprm_mouse,OPRM,P35372,Opioid receptors,,Class A (Rhodopsin),6.55x55,300,[u'hydrophobic']
406,oprm_mouse,OPRM,P35372,Opioid receptors,,Class A (Rhodopsin),3.33x33,148,[u'polar (hydrogen bond)']
407,oprm_mouse,OPRM,P35372,Opioid receptors,,Class A (Rhodopsin),7.39x38,322,[u'hydrophobic']
408,oprm_mouse,OPRM,P35372,Opioid receptors,,Class A (Rhodopsin),7.43x42,326,[u'hydrophobic']
409,oprm_mouse,OPRM,P35372,Opioid receptors,,Class A (Rhodopsin),6.51x51,296,[u'hydrophobic']
410,oprm_mouse,OPRM,P35372,Opioid receptors,,Class A (Rhodopsin),6.52x52,297,[u'aromatic (face-to-edge)']
411,oprm_mouse,OPRM,P35372,Opioid receptors,,Class A (Rhodopsin),6.48x48,293,[u'hydrophobic']
412,oprm_mouse,OPRM,P35372,Opioid receptors,,Class A (Rhodopsin),5.39x40,233,[u'polar (charge-assisted hydrogen bond)']
413,opsd_bovin,OPSD,P08100,Opsins,,Class A (Rhodopsin),5.47x47,212,[u'hydrophobic']
414,opsd_bovin,OPSD,P08100,Opsins,,Class A (Rhodopsin),5.42x43,207,[u'hydrophobic']
415,opsd_bovin,OPSD,P08100,Opsins,,Class A (Rhodopsin),5.43x44,208,[u'hydrophobic']
416,opsd_bovin,OPSD,P08100,Opsins,,Class A (Rhodopsin),3.32x32,117,[u'hydrophobic']
417,opsd_bovin,OPSD,P08100,Opsins,,Class A (Rhodopsin),6.55x55,272,[u'hydrophobic']
418,opsd_bovin,OPSD,P08100,Opsins,,Class A (Rhodopsin),6.48x48,265,[u'hydrophobic']
419,opsd_bovin,OPSD,P08100,Opsins,,Class A (Rhodopsin),6.52x52,269,[u'hydrophobic']
420,opsd_bovin,OPSD,P08100,Opsins,,Class A (Rhodopsin),6.51x51,268,[u'hydrophobic']
421,agtr2_human,AGTR2,P08100,Opsins,,Class A (Rhodopsin),5.47x47,212,[u'hydrophobic']
422,agtr2_human,AGTR2,P08100,Opsins,,Class A (Rhodopsin),5.42x43,207,[u'hydrophobic']
423,agtr2_human,AGTR2,P08100,Opsins,,Class A (Rhodopsin),5.43x44,208,[u'hydrophobic']
424,agtr2_human,AGTR2,P08100,Opsins,,Class A (Rhodopsin),3.32x32,117,[u'hydrophobic']
425,agtr2_human,AGTR2,P08100,Opsins,,Class A (Rhodopsin),6.55x55,272,[u'hydrophobic']
426,agtr2_human,AGTR2,P08100,Opsins,,Class A (Rhodopsin),6.48x48,265,[u'hydrophobic']
427,agtr2_human,AGTR2,P08100,Opsins,,Class A (Rhodopsin),6.52x52,269,[u'hydrophobic']
428,agtr2_human,AGTR2,P08100,Opsins,,Class A (Rhodopsin),6.51x51,268,[u'hydrophobic']
429,ccr2_human,CCR2,P41597,Chemokine receptors,,Class A (Rhodopsin),2.43x43,81,[u'hydrophobic']
430,ccr2_human,CCR2,P41597,Chemokine receptors,,Class A (Rhodopsin),2.60x60,98,[u'hydrophobic']
431,ccr2_human,CCR2,P41597,Chemokine receptors,,Class A (Rhodopsin),8.50x50,312,[u'polar (hydrogen bond with backbone)']
432,ccr2_human,CCR2,P41597,Chemokine receptors,,Class A (Rhodopsin),8.49x49,311,[u'polar (hydrogen bond with backbone)']
433,ccr2_human,CCR2,P41597,Chemokine receptors,,Class A (Rhodopsin),1.35x35,45,[u'hydrophobic']
434,ccr2_human,CCR2,P41597,Chemokine receptors,,Class A (Rhodopsin),1.27x27,37,[u'hydrophobic']
435,ccr2_human,CCR2,P41597,Chemokine receptors,,Class A (Rhodopsin),7.53x53,305,[u'aromatic (face-to-edge)']
436,ccr2_human,CCR2,P41597,Chemokine receptors,,Class A (Rhodopsin),3.32x32,120,[u'hydrophobic']
437,ccr2_human,CCR2,P41597,Chemokine receptors,,Class A (Rhodopsin),7.36x35,288,[u'polar (hydrogen bond with backbone)']
438,ccr2_human,CCR2,P41597,Chemokine receptors,,Class A (Rhodopsin),6.33x33,241,[u'hydrophobic']
439,ccr2_human,CCR2,P41597,Chemokine receptors,,Class A (Rhodopsin),1.39x39,49,[u'polar (hydrogen bond)']
440,ccr2_human,CCR2,P41597,Chemokine receptors,,Class A (Rhodopsin),7.43x42,295,[u'hydrophobic']
441,ccr2_human,CCR2,P41597,Chemokine receptors,,Class A (Rhodopsin),7.40x39,292,[u'polar (hydrogen bond)']
442,p2y12_human,P2Y12,Q9H244,P2Y receptors,,Class A (Rhodopsin),3.37x37,109,[u'polar (hydrogen bond)']
443,p2y12_human,P2Y12,Q9H244,P2Y receptors,,Class A (Rhodopsin),4.57x57,156,[u'polar (hydrogen bond)']
444,p2y12_human,P2Y12,Q9H244,P2Y receptors,,Class A (Rhodopsin),4.60x60,159,[u'polar (hydrogen bond)']
445,p2y12_human,P2Y12,Q9H244,P2Y receptors,,Class A (Rhodopsin),5.40x40,191,[u'polar (hydrogen bond)']
446,p2y12_human,P2Y12,Q9H244,P2Y receptors,,Class A (Rhodopsin),5.39x39,190,[u'hydrophobic']
447,p2y12_human,P2Y12,Q9H244,P2Y receptors,,Class A (Rhodopsin),6.62x62,263,[u'polar (charge-assisted hydrogen bond)']
448,p2y12_human,P2Y12,Q9H244,P2Y receptors,,Class A (Rhodopsin),6.51x51,252,[u'aromatic (face-to-edge)']
449,p2y12_human,P2Y12,Q9H244,P2Y receptors,,Class A (Rhodopsin),6.58x58,259,"[u'polar (charge-assisted hydrogen bond)', u'polar (hydrogen bond)', u'hydrophobic']"
450,p2y12_human,P2Y12,Q9H244,P2Y receptors,,Class A (Rhodopsin),5.36x36,187,"[u'aromatic (edge-to-face)', u'polar (hydrogen bond)']"
451,p2y12_human,P2Y12,Q9H244,P2Y receptors,,Class A (Rhodopsin),3.30x30,102,[u'hydrophobic']
452,p2y12_human,P2Y12,Q9H244,P2Y receptors,,Class A (Rhodopsin),7.35x34,280,"[u'polar (charge-assisted hydrogen bond)', u'polar (charge-charge)']"
453,p2y12_human,P2Y12,Q9H244,P2Y receptors,,Class A (Rhodopsin),45.50x50,175,[u'polar (hydrogen bond with backbone)']
454,p2y12_human,P2Y12,Q9H244,P2Y receptors,,Class A (Rhodopsin),6.55x55,256,"[u'polar (charge-assisted hydrogen bond)', u'polar (charge-charge)']"
455,p2y12_human,P2Y12,Q9H244,P2Y receptors,,Class A (Rhodopsin),3.21x21,93,"[u'polar (charge-assisted hydrogen bond)', u'polar (charge-charge)']"
456,p2y12_human,P2Y12,Q9H244,P2Y receptors,,Class A (Rhodopsin),3.25x25,97,[u'polar (hydrogen bond with backbone)']
457,p2y12_human,P2Y12,Q9H244,P2Y receptors,,Class A (Rhodopsin),3.33x33,105,"[u'aromatic (face-to-face)', u'polar (hydrogen bond)']"
